ply,evaluacion,profundidad,repeticion,nodos_visitados,nodos_evaluados,hojas_terminales,cortes,pases,tiempo_s,nodos_por_segundo
0,fija,4,0,138,87,0,31,0,0.02373049999999921,3666.168011630724
0,fija,5,0,569,428,0,60,0,0.11054070000000138,3871.8770552384294
0,fija,6,0,1761,1204,0,376,0,0.31816969999999856,3784.1441218318573
0,fija,7,0,7518,5646,0,1152,0,1.4856689000000074,3800.3083998056172
0,etapas,4,0,135,84,0,32,0,0.02417909999999779,3474.0747174215617
0,etapas,5,0,567,426,0,61,0,0.10969420000000696,3883.523467967978
0,etapas,6,0,1658,1116,0,372,0,0.3289378000000056,3392.738687982898
0,etapas,7,0,7271,5475,0,1097,0,1.4145423999999878,3870.5096432599316
50,fija,4,0,202,107,0,64,0,0.01736619999999789,6161.3939721996185
50,fija,5,0,634,414,0,112,3,0.06551209999997809,6319.443278419383
50,fija,6,0,1319,615,0,500,4,0.10168010000001004,6048.381148326362
50,fija,7,0,4016,2375,0,784,106,0.3613046000000111,6573.400947565924
50,etapas,4,0,271,159,0,74,0,0.02509170000001859,6336.756776140404
50,etapas,5,0,827,537,0,158,2,0.08130370000000653,6604.865461226941
50,etapas,6,0,1488,756,0,501,4,0.12297280000001365,6147.700955007254
50,etapas,7,0,3509,2047,0,729,73,0.34370769999998174,5955.641959723651
