partida,apertura,profundidad,ply,jugador,agente,accion,tiempo_s,nodos_evaluados,nodos_por_segundo,nodos_visitados,cortes,pase_oponente
a000_d4_0_1_c1,0,4,9,1,fija,"[2, 4]",0.1967097999950056,846,4300.75166576083,1057,128,False
a000_d4_0_1_c1,0,4,10,2,etapas,"[5, 2]",0.23362740000447957,1018,4357.3656171342955,1283,189,False
a000_d4_0_1_c1,0,4,11,1,fija,"[3, 7]",0.2904454999952577,1224,4214.2157479457765,1600,274,False
a000_d4_0_1_c1,0,4,12,2,etapas,"[2, 2]",0.34988029999658465,1489,4255.741177810053,1805,195,False
a000_d4_0_1_c1,0,4,13,1,fija,"[4, 2]",0.3773940000028233,1675,4438.332352892387,2132,330,False
a000_d4_0_1_c1,0,4,14,2,etapas,"[4, 6]",0.4838501999984146,2217,4581.9966593116305,2683,319,False
a000_d4_0_1_c1,0,4,15,1,fija,"[4, 7]",0.4547668999948655,2067,4545.185676493467,2666,459,False
a000_d4_0_1_c1,0,4,16,2,etapas,"[3, 1]",0.37261489999946207,1738,4664.333068813161,2143,289,False
a000_d4_0_1_c1,0,4,17,1,fija,"[2, 0]",0.29991960000188556,1397,4657.914987854136,1889,387,False
a000_d4_0_1_c1,0,4,18,2,etapas,"[5, 4]",0.3629224000032991,1756,4838.499910680733,2180,292,False
a000_d4_0_1_c1,0,4,19,1,fija,"[1, 2]",0.29315630000201054,1349,4601.6408311564455,1738,288,False
a000_d4_0_1_c1,0,4,20,2,etapas,"[1, 3]",0.3054545999984839,1461,4783.034860196087,1850,289,False
a000_d4_0_1_c1,0,4,21,1,fija,"[5, 5]",0.35170900000230176,1796,5106.494289279621,2306,387,False
a000_d4_0_1_c1,0,4,22,2,etapas,"[5, 3]",0.36521089999587275,1804,4939.611605295425,2261,345,False
a000_d4_0_1_c1,0,4,23,1,fija,"[6, 5]",0.3216467000020202,1651,5132.961102941925,2133,363,False
a000_d4_0_1_c1,0,4,24,2,etapas,"[4, 1]",0.2694998000006308,1373,5094.623446832934,1730,278,False
a000_d4_0_1_c1,0,4,25,1,fija,"[4, 0]",0.36177569999563275,1913,5287.806782000817,2480,442,False
a000_d4_0_1_c1,0,4,26,2,etapas,"[6, 4]",0.31938179999997374,1591,4981.498632671401,2044,343,False
a000_d4_0_1_c1,0,4,27,1,fija,"[7, 3]",0.5083464000053937,2835,5576.905826361552,3511,516,False
a000_d4_0_1_c1,0,4,28,2,etapas,"[3, 0]",0.4325418999942485,2345,5421.440096395705,3079,595,False
a000_d4_0_1_c1,0,4,29,1,fija,"[6, 2]",0.6653627000050619,3778,5678.106091566687,4535,560,False
a000_d4_0_1_c1,0,4,30,2,etapas,"[6, 3]",0.9857943000024534,5402,5479.845034594495,6865,1177,False
a000_d4_0_1_c1,0,4,31,1,fija,"[5, 1]",0.7327304999998887,4206,5740.173228766427,4890,461,False
a000_d4_0_1_c1,0,4,32,2,etapas,"[7, 2]",0.8357949999990524,4664,5580.315747288854,6032,1114,False
a000_d4_0_1_c1,0,4,33,1,fija,"[7, 1]",0.43832100000145147,2451,5591.79231657138,3012,414,False
a000_d4_0_1_c1,0,4,34,2,etapas,"[5, 6]",0.6073219999962021,3525,5804.169781470198,4566,801,False
a000_d4_0_1_c1,0,4,35,1,fija,"[5, 7]",0.6042809999999008,3593,5945.909270687957,4438,627,False
a000_d4_0_1_c1,0,4,36,2,etapas,"[7, 4]",0.48151140000118176,2817,5850.328777248236,3699,659,False
a000_d4_0_1_c1,0,4,37,1,fija,"[7, 5]",0.3193821999957436,1993,6240.172432986437,2331,190,False
a000_d4_0_1_c1,0,4,38,2,etapas,"[2, 7]",0.3159668000007514,1606,5082.812498009856,2130,383,False
a000_d4_0_1_c1,0,4,39,1,fija,"[1, 7]",0.2572550999975647,1561,6067.906914244954,1948,255,False
a000_d4_0_1_c1,0,4,40,2,etapas,"[6, 1]",0.23084260000177892,1421,6155.709561359339,1864,302,False
a000_d4_0_1_c1,0,4,41,1,fija,"[5, 0]",0.20662379999703262,1199,5802.816519767903,1536,213,False
a000_d4_0_1_c1,0,4,42,2,etapas,"[7, 0]",0.11063680000370368,460,4157.748597072593,636,123,False
a000_d4_0_1_c1,0,4,43,1,fija,"[6, 0]",0.274501700005203,1640,5974.462088828283,2046,254,False
a000_d4_0_1_c1,0,4,44,2,etapas,"[7, 6]",0.10514049999619601,601,5716.160756528115,823,154,False
a000_d4_0_1_c1,0,4,45,1,fija,"[0, 4]",0.06817919999593869,373,5470.876748659693,573,143,False
a000_d4_0_1_c1,0,4,46,2,etapas,"[0, 2]",0.053302000000257976,336,6303.703425732127,478,95,False
a000_d4_0_1_c1,0,4,47,1,fija,"[6, 6]",0.04419159999815747,270,6109.75841588124,442,123,False
a000_d4_0_1_c1,0,4,48,2,etapas,"[7, 7]",0.023482100004912354,152,6473.015614796047,208,30,False
a000_d4_0_1_c1,0,4,49,1,fija,"[6, 7]",0.05124649999925168,321,6263.842408841332,539,159,False
a000_d4_0_1_c1,0,4,50,2,etapas,"[0, 7]",0.016039300004194956,103,6421.726632275793,144,21,False
a000_d4_0_1_c1,0,4,51,1,fija,"[1, 4]",0.01745649999793386,107,6129.521955298281,202,64,False
a000_d4_0_1_c1,0,4,52,2,etapas,"[1, 1]",0.012956999999005347,86,6637.338890684715,125,18,False
a000_d4_0_1_c1,0,4,53,1,fija,"[0, 0]",0.010472099995240569,63,6015.985335188994,138,57,False
a000_d4_0_1_c1,0,4,54,2,etapas,"[0, 3]",0.0109262000041781,71,6498.142078018901,117,19,False
a000_d4_0_1_c1,0,4,55,1,fija,"[0, 1]",0.006415500000002794,41,6390.772348216374,87,28,False
a000_d4_0_1_c1,0,4,56,2,etapas,"[1, 0]",0.002575899998191744,14,5434.993598287146,29,4,False
a000_d4_0_1_c1,0,4,57,1,fija,"[1, 6]",0.0013888999965274706,12,8639.930902154521,37,8,False
a000_d4_0_1_c1,0,4,58,2,etapas,"[0, 5]",0.00028440000460250303,3,10548.523036042161,9,1,False
a000_d4_0_1_c1,0,4,59,1,fija,"[2, 6]",0.00017589999333722517,2,11370.097076500266,5,0,False
a000_d4_0_1_c1,0,4,60,2,etapas,"[0, 6]",8.309999975608662e-05,1,12033.694379484707,2,0,False
a000_d4_0_1_c2,0,4,9,1,etapas,"[2, 4]",0.19305480000184616,837,4335.556536237358,1039,119,False
a000_d4_0_1_c2,0,4,10,2,fija,"[5, 2]",0.233720699994592,1004,4295.72562474454,1283,201,False
a000_d4_0_1_c2,0,4,11,1,etapas,"[3, 7]",0.2958693999971729,1281,4329.612998208805,1666,280,False
a000_d4_0_1_c2,0,4,12,2,fija,"[2, 2]",0.33551240000088,1468,4375.397153715182,1775,187,False
a000_d4_0_1_c2,0,4,13,1,etapas,"[4, 2]",0.3692268000013428,1675,4536.507100768169,2132,330,False
a000_d4_0_1_c2,0,4,14,2,fija,"[4, 6]",0.48686219999945024,2217,4553.649882867274,2683,319,False
a000_d4_0_1_c2,0,4,15,1,etapas,"[4, 7]",0.4456047999992734,2067,4638.6394401572215,2666,459,False
a000_d4_0_1_c2,0,4,16,2,fija,"[3, 1]",0.370023499999661,1738,4696.998974393768,2143,289,False
a000_d4_0_1_c2,0,4,17,1,etapas,"[2, 0]",0.30129099999612663,1397,4636.713343637744,1889,387,False
a000_d4_0_1_c2,0,4,18,2,fija,"[5, 4]",0.37735350000002654,1756,4653.461542028566,2180,292,False
a000_d4_0_1_c2,0,4,19,1,etapas,"[1, 2]",0.27908539999771165,1349,4833.645901975026,1738,288,False
a000_d4_0_1_c2,0,4,20,2,fija,"[1, 3]",0.2970860000059474,1461,4917.767918955292,1850,289,False
a000_d4_0_1_c2,0,4,21,1,etapas,"[5, 5]",0.3715252000038163,1796,4834.126998603464,2306,387,False
a000_d4_0_1_c2,0,4,22,2,fija,"[5, 3]",0.3560159999979078,1804,5067.18799158072,2261,345,False
a000_d4_0_1_c2,0,4,23,1,etapas,"[6, 5]",0.32780550000461517,1651,5036.52318212097,2133,363,False
a000_d4_0_1_c2,0,4,24,2,fija,"[4, 1]",0.2927419000043301,1373,4690.138309479071,1730,278,False
a000_d4_0_1_c2,0,4,25,1,etapas,"[4, 0]",0.3739276000051177,1913,5115.963624973973,2480,442,False
a000_d4_0_1_c2,0,4,26,2,fija,"[6, 4]",0.3016334999992978,1591,5274.613065205635,2044,343,False
a000_d4_0_1_c2,0,4,27,1,etapas,"[7, 3]",0.5084102999971947,2835,5576.204888090669,3511,516,False
a000_d4_0_1_c2,0,4,28,2,fija,"[3, 0]",0.4728672999990522,2345,4959.107978083281,3079,595,False
a000_d4_0_1_c2,0,4,29,1,etapas,"[6, 2]",0.660428299997875,3778,5720.530146894305,4535,560,False
a000_d4_0_1_c2,0,4,30,2,fija,"[6, 3]",1.0050966999988304,5402,5374.607239289798,6865,1177,False
a000_d4_0_1_c2,0,4,31,1,etapas,"[5, 1]",0.7367269000023953,4206,5709.035464819223,4890,461,False
a000_d4_0_1_c2,0,4,32,2,fija,"[7, 2]",0.8484401999958209,4664,5497.146410581409,6032,1114,False
a000_d4_0_1_c2,0,4,33,1,etapas,"[7, 1]",0.4162196999968728,2451,5888.716944484884,3012,414,False
a000_d4_0_1_c2,0,4,34,2,fija,"[5, 6]",0.5998774000036065,3525,5876.200703641791,4566,801,False
a000_d4_0_1_c2,0,4,35,1,etapas,"[5, 7]",0.6085024999993038,3593,5904.65938924509,4438,627,False
a000_d4_0_1_c2,0,4,36,2,fija,"[7, 4]",0.47726690000126837,2817,5902.357779247866,3699,659,False
a000_d4_0_1_c2,0,4,37,1,etapas,"[7, 5]",0.33499769999616547,1993,5949.294577314449,2331,190,False
a000_d4_0_1_c2,0,4,38,2,fija,"[6, 1]",0.2140335000003688,1261,5891.601081129015,1760,370,False
a000_d4_0_1_c2,0,4,39,1,etapas,"[1, 4]",0.19368609999946784,1162,5999.397995019739,1505,241,False
a000_d4_0_1_c2,0,4,40,2,fija,"[5, 0]",0.09229259999847272,527,5710.100268154986,789,198,False
a000_d4_0_1_c2,0,4,41,1,etapas,"[7, 0]",0.08315890000085346,521,6265.1141368470835,657,86,False
a000_d4_0_1_c2,0,4,42,2,fija,"[6, 0]",0.304207299996051,1599,5256.284119482856,2152,408,False
a000_d4_0_1_c2,0,4,43,1,etapas,"[0, 5]",0.0457962000000407,276,6026.700905309932,350,45,False
a000_d4_0_1_c2,0,4,44,2,fija,"[1, 1]",0.05275959999562474,205,3885.5487914427003,409,167,False
a000_d4_0_1_c2,0,4,45,1,etapas,"[0, 0]",0.0677335000000312,285,4207.666811841536,369,46,False
a000_d4_0_1_c2,0,4,46,2,fija,"[1, 0]",0.03282480000052601,167,5087.616679989637,352,156,False
a000_d4_0_1_c2,0,4,47,1,etapas,"[2, 6]",0.022136799998406786,143,6459.831593107038,172,9,False
a000_d4_0_1_c2,0,4,48,2,fija,"[0, 3]",0.023133899994718377,128,5533.0056769167,282,130,False
a000_d4_0_1_c2,0,4,49,1,etapas,"[0, 1]",0.015035299998999108,94,6251.9537359585465,129,17,False
a000_d4_0_1_c2,0,4,50,2,fija,"[0, 2]",0.01091669999732403,62,5679.371972775456,135,60,False
a000_d4_0_1_c2,0,4,51,1,etapas,"[0, 4]",0.008395900003961287,53,6312.6049589673485,74,7,False
a000_d4_0_1_c2,0,4,52,2,fija,"[1, 7]",0.00945089999731863,54,5713.741550045039,123,52,False
a000_d4_0_1_c2,0,4,53,1,etapas,"[2, 7]",0.007245099994179327,46,6349.11871981838,73,10,False
a000_d4_0_1_c2,0,4,54,2,fija,"[6, 7]",0.005841400001372676,32,5478.138801054591,69,22,False
a000_d4_0_1_c2,0,4,55,1,etapas,"[6, 6]",0.0017660000012256205,9,5096.262737119998,19,3,False
a000_d4_0_1_c2,0,4,56,2,fija,"[0, 6]",0.0027031999998143874,14,5179.0470556974315,36,11,False
a000_d4_0_1_c2,0,4,57,1,etapas,"[0, 7]",0.0005286000014166348,5,9458.948139614311,17,5,False
a000_d4_0_1_c2,0,4,58,2,fija,"[7, 7]",0.00039180000021588057,4,10209.290448688138,12,3,False
a000_d4_0_1_c2,0,4,59,1,etapas,"[1, 6]",0.00021109999943291768,2,9474.182877179732,5,1,False
a000_d4_0_1_c2,0,4,60,2,fija,"[7, 6]",8.759999764151871e-05,1,11415.525421498895,2,0,False
a000_d5_0_1_c1,0,5,9,1,fija,"[2, 4]",0.6043871000001673,2600,4301.878713161284,3360,517,False
a000_d5_0_1_c1,0,5,10,2,etapas,"[5, 2]",1.0898033999983454,4574,4197.087291163658,5838,872,False
a000_d5_0_1_c1,0,5,11,1,fija,"[2, 2]",1.5837509999983013,6887,4348.537112214854,8376,953,False
a000_d5_0_1_c1,0,5,12,2,etapas,"[1, 4]",2.7096254999996745,12413,4581.075871924549,15562,2216,False
a000_d5_0_1_c1,0,5,13,1,fija,"[4, 2]",1.9131953000032809,8619,4505.028838396801,10671,1432,False
a000_d5_0_1_c1,0,5,14,2,etapas,"[5, 6]",1.6160273999994388,7389,4572.323464319086,9903,1937,False
a000_d5_0_1_c1,0,5,15,1,fija,"[0, 5]",1.8649814999953378,8658,4642.40530001056,10351,1112,False
a000_d5_0_1_c1,0,5,16,2,etapas,"[5, 4]",0.841058999998495,3683,4379.003137718746,4736,733,False
a000_d5_0_1_c1,0,5,17,1,fija,"[0, 6]",1.319956600003934,6123,4638.788881378184,7306,698,False
a000_d5_0_1_c1,0,5,18,2,etapas,"[1, 3]",0.6618679000021075,3181,4806.094992656195,4178,727,False
a000_d5_0_1_c1,0,5,19,1,fija,"[0, 4]",0.9072054999996908,4490,4949.264527167803,5414,558,False
a000_d5_0_1_c1,0,5,20,2,etapas,"[5, 1]",0.48046030000114115,2262,4707.985238311318,3093,602,False
a000_d5_0_1_c1,0,5,21,1,fija,"[6, 0]",1.4588752999989083,6960,4770.798436305837,8737,1238,False
a000_d5_0_1_c1,0,5,22,2,etapas,"[0, 2]",0.43170899999677204,1971,4565.575422367237,2627,443,False
a000_d5_0_1_c1,0,5,23,1,fija,"[1, 2]",0.717871799999557,3598,5012.036968163703,4405,489,False
a000_d5_0_1_c1,0,5,24,2,etapas,"[1, 1]",0.6303805000061402,3172,5031.881538164812,4454,947,False
a000_d5_0_1_c1,0,5,25,1,fija,"[3, 1]",0.9550586000041221,5074,5312.763007398813,6400,861,False
a000_d5_0_1_c1,0,5,26,2,etapas,"[0, 3]",0.2816898000019137,1395,4952.255992196107,2146,573,False
a000_d5_0_1_c1,0,5,27,1,fija,"[1, 6]",0.46988640000199666,2567,5463.022551810591,3272,453,False
a000_d5_0_1_c1,0,5,28,2,etapas,"[4, 0]",0.6466843000016524,3281,5073.572993795607,4664,1019,False
a000_d5_0_1_c1,0,5,29,1,fija,"[3, 0]",0.8242831000025035,4582,5558.769796428052,5818,816,False
a000_d5_0_1_c1,0,5,30,2,etapas,"[2, 0]",0.49586339999950724,2308,4654.50767288389,3312,716,False
a000_d5_0_1_c1,0,5,31,1,fija,"[5, 5]",0.49691010000242386,2754,5542.249996501513,3783,736,False
a000_d5_0_1_c1,0,5,32,2,etapas,"[6, 6]",0.2695162000018172,1486,5513.583227983998,2100,438,False
a000_d5_0_1_c1,0,5,33,1,fija,"[6, 4]",0.44551399999909336,2470,5544.157983823239,3529,789,False
a000_d5_0_1_c1,0,5,34,2,etapas,"[5, 0]",0.41941480000241427,2429,5791.4026877115875,3259,595,False
a000_d5_0_1_c1,0,5,35,1,fija,"[0, 0]",0.2819510999979684,1686,5979.760320183707,2211,338,False
a000_d5_0_1_c1,0,5,36,2,etapas,"[7, 0]",0.32663949999550823,1904,5829.056191998159,2599,479,False
a000_d5_0_1_c1,0,5,37,1,fija,"[0, 1]",0.32032369999797083,1864,5819.113602932933,2505,435,False
a000_d5_0_1_c1,0,5,38,2,etapas,"[0, 7]",0.24199599999701604,1459,6029.025273219352,1949,322,False
a000_d5_0_1_c1,0,5,39,1,fija,"[1, 0]",0.27180970000335947,1665,6125.609203716502,2129,270,False
a000_d5_0_1_c1,0,5,40,2,etapas,"[5, 3]",0.20303929999499815,1214,5979.138029090461,1794,436,False
a000_d5_0_1_c1,0,5,41,1,fija,"[4, 1]",0.3843555999992532,2367,6158.359602421818,2964,329,False
a000_d5_0_1_c1,0,5,42,2,etapas,"[2, 6]",0.07335069999680854,452,6162.177048339911,708,177,False
a000_d5_0_1_c1,0,5,43,1,fija,"[6, 5]",0.22455639999679988,1452,6466.0815724721815,1845,217,False
a000_d5_0_1_c1,0,5,44,2,etapas,"[7, 5]",0.10834009999962291,631,5824.2515929207775,1202,480,False
a000_d5_0_1_c1,0,5,45,1,fija,"[5, 7]",0.4635785000064061,3090,6665.537767513592,3762,328,False
a000_d5_0_1_c1,0,5,46,2,etapas,"[6, 3]",0.08757070000137901,528,6029.413947720932,1019,401,False
a000_d5_0_1_c1,0,5,47,1,fija,"[7, 7]",0.19711370000004536,1027,5210.190869532476,1310,136,False
a000_d5_0_1_c1,0,5,48,2,etapas,"[6, 7]",0.08463510000001406,495,5848.637267515697,921,327,False
a000_d5_0_1_c1,0,5,49,1,fija,"[1, 7]",0.1292360999941593,851,6584.847422960458,1170,150,False
a000_d5_0_1_c1,0,5,50,2,etapas,"[2, 7]",0.02482610000151908,144,5800.347214874218,258,88,False
a000_d5_0_1_c1,0,5,51,1,fija,"[4, 6]",0.04446789999929024,292,6566.534511516412,455,86,False
a000_d5_0_1_c1,0,5,52,2,etapas,"[3, 7]",0.014741800005140249,90,6105.088928666671,157,45,False
a000_d5_0_1_c1,0,5,53,1,fija,"[4, 7]",0.03544970000075409,225,6347.0212722593915,368,68,True
a000_d5_0_1_c1,0,5,54,1,fija,"[7, 2]",0.019525900002918206,123,6299.325510302587,244,69,False
a000_d5_0_1_c1,0,5,55,2,etapas,"[7, 3]",0.00894960000005085,45,5028.157682996371,111,36,False
a000_d5_0_1_c1,0,5,56,1,fija,"[6, 1]",0.0025938000035239384,22,8481.764195431717,73,18,False
a000_d5_0_1_c1,0,5,57,2,etapas,"[7, 1]",0.000840000000607688,8,9523.809516919637,25,4,False
a000_d5_0_1_c1,0,5,58,1,fija,"[6, 2]",0.0007790000017848797,4,5134.788178222107,12,2,True
a000_d5_0_1_c1,0,5,59,1,fija,"[7, 4]",0.000389000000723172,2,5141.38816524908,5,0,True
a000_d5_0_1_c1,0,5,60,1,fija,"[7, 6]",8.900000102585182e-05,1,11235.954926669385,2,0,False
a000_d5_0_1_c2,0,5,9,1,etapas,"[2, 2]",0.5591769000020577,2392,4277.716050128676,3107,485,False
a000_d5_0_1_c2,0,5,10,2,fija,"[5, 4]",1.1624094999933732,4753,4088.9204708212524,5933,758,False
a000_d5_0_1_c2,0,5,11,1,etapas,"[5, 5]",1.5815800999989733,7039,4450.612397060743,8611,1049,False
a000_d5_0_1_c2,0,5,12,2,fija,"[4, 2]",1.764204700004484,8042,4558.427942052053,10059,1422,False
a000_d5_0_1_c2,0,5,13,1,etapas,"[5, 1]",2.200757700004033,9851,4476.185633694226,12068,1514,False
a000_d5_0_1_c2,0,5,14,2,fija,"[4, 1]",1.8256368000002112,8180,4480.628348420153,10113,1349,False
a000_d5_0_1_c2,0,5,15,1,etapas,"[5, 2]",2.9386931999979424,13703,4662.956990545864,16822,2227,False
a000_d5_0_1_c2,0,5,16,2,fija,"[6, 3]",3.316648799998802,15895,4792.4881283799905,19543,2662,False
a000_d5_0_1_c2,0,5,17,1,etapas,"[4, 0]",3.851969499999541,18450,4789.757551299977,21952,2458,False
a000_d5_0_1_c2,0,5,18,2,fija,"[3, 1]",2.176234399994428,10662,4899.288422252354,13299,1904,False
a000_d5_0_1_c2,0,5,19,1,etapas,"[2, 4]",2.3553656000003684,11535,4897.3288902572895,13842,1648,False
a000_d5_0_1_c2,0,5,20,2,fija,"[5, 3]",3.2985582999972394,16671,5054.026178653247,20780,2972,False
a000_d5_0_1_c2,0,5,21,1,etapas,"[3, 0]",3.7615385000026436,19255,5118.91610307497,22998,2699,False
a000_d5_0_1_c2,0,5,22,2,fija,"[1, 4]",1.7035711000062292,8329,4889.14140417711,10604,1637,False
a000_d5_0_1_c2,0,5,23,1,etapas,"[4, 6]",2.6619820999985677,13915,5227.307877091844,16902,2137,False
a000_d5_0_1_c2,0,5,24,2,fija,"[5, 7]",1.0087540999957127,4987,4943.7221618441945,6941,1552,False
a000_d5_0_1_c2,0,5,25,1,etapas,"[0, 4]",2.3849981000021216,12590,5278.830201159825,14598,1236,False
a000_d5_0_1_c2,0,5,26,2,fija,"[5, 6]",1.394909099995857,7331,5255.539590373146,9589,1652,False
a000_d5_0_1_c2,0,5,27,1,etapas,"[6, 5]",2.385185499995714,12955,5431.443382505587,15764,1899,False
a000_d5_0_1_c2,0,5,28,2,fija,"[1, 2]",1.4994833000018843,7930,5288.488374622135,10175,1683,False
a000_d5_0_1_c2,0,5,29,1,etapas,"[0, 3]",0.9972885000024689,5739,5754.603607667984,6894,725,False
a000_d5_0_1_c2,0,5,30,2,fija,"[1, 3]",1.4349120000042603,8125,5662.368145207425,10735,1934,False
a000_d5_0_1_c2,0,5,31,1,etapas,"[2, 7]",1.5505671999999322,8213,5296.771400814076,10345,1465,False
a000_d5_0_1_c2,0,5,32,2,fija,"[3, 7]",1.4207167999993544,8277,5825.93237442097,10733,1791,False
a000_d5_0_1_c2,0,5,33,1,etapas,"[6, 2]",0.9965976999956183,5748,5767.623184385507,7654,1366,False
a000_d5_0_1_c2,0,5,34,2,fija,"[0, 1]",0.8253010999978869,4999,6057.1832510738195,6178,776,False
a000_d5_0_1_c2,0,5,35,1,etapas,"[0, 6]",0.43484149999858346,2471,5682.5303012892045,3482,703,False
a000_d5_0_1_c2,0,5,36,2,fija,"[0, 5]",0.21361020000040298,1349,6315.241500628037,1706,211,False
a000_d5_0_1_c2,0,5,37,1,etapas,"[0, 2]",0.13831970000319416,782,5653.569231150311,1122,225,False
a000_d5_0_1_c2,0,5,38,2,fija,"[0, 7]",0.22671420000551734,1427,6294.2682900553755,1791,213,False
a000_d5_0_1_c2,0,5,39,1,etapas,"[4, 7]",0.57052229999681,3367,5901.6098056444525,4671,891,False
a000_d5_0_1_c2,0,5,40,2,fija,"[1, 7]",0.44438649999938207,2360,5310.6923815266255,2956,344,False
a000_d5_0_1_c2,0,5,41,1,etapas,"[0, 0]",0.16912030000094092,929,5493.131220763157,1489,403,False
a000_d5_0_1_c2,0,5,42,2,fija,"[1, 1]",0.29409330000635237,1664,5658.068374777861,2052,196,False
a000_d5_0_1_c2,0,5,43,1,etapas,"[2, 0]",0.16809289999946486,936,5568.349406804094,1803,722,False
a000_d5_0_1_c2,0,5,44,2,fija,"[1, 0]",0.2322210999991512,1423,6127.780808915302,1788,181,False
a000_d5_0_1_c2,0,5,45,1,etapas,"[2, 6]",0.10874260000127833,569,5232.539961278387,1138,471,False
a000_d5_0_1_c2,0,5,46,2,fija,"[1, 6]",0.256626000002143,1370,5338.5081791734265,1740,178,False
a000_d5_0_1_c2,0,5,47,1,etapas,"[7, 2]",0.1064537999991444,582,5467.160402021137,1085,382,False
a000_d5_0_1_c2,0,5,48,2,fija,"[6, 1]",0.1311963000043761,849,6471.219081419837,1145,157,False
a000_d5_0_1_c2,0,5,49,1,etapas,"[5, 0]",0.018747299996903166,97,5174.07840147772,218,100,False
a000_d5_0_1_c2,0,5,50,2,fija,"[7, 0]",0.0860090999995009,569,6615.579049232021,769,93,False
a000_d5_0_1_c2,0,5,51,1,etapas,"[6, 0]",0.014979999999923166,86,5740.987984008084,178,67,False
a000_d5_0_1_c2,0,5,52,2,fija,"[6, 7]",0.06073689999902854,373,6141.241979850239,551,79,False
a000_d5_0_1_c2,0,5,53,1,etapas,"[6, 6]",0.010158000004594214,61,6005.119115220634,130,50,False
a000_d5_0_1_c2,0,5,54,2,fija,"[7, 7]",0.027522700002009515,176,6394.721447646841,315,61,False
a000_d5_0_1_c2,0,5,55,1,etapas,"[7, 6]",0.00944819999858737,57,6032.895155534626,139,40,False
a000_d5_0_1_c2,0,5,56,2,fija,"[7, 1]",0.003331299994897563,32,9605.85958905331,106,31,False
a000_d5_0_1_c2,0,5,57,1,etapas,"[7, 3]",0.0011836999983643182,10,8448.086520079734,29,6,False
a000_d5_0_1_c2,0,5,58,2,fija,"[7, 4]",0.00043759999971371144,5,11425.959788096712,14,2,False
a000_d5_0_1_c2,0,5,59,1,etapas,"[7, 5]",0.0003164999943692237,2,6319.115436276541,5,0,False
a000_d5_0_1_c2,0,5,60,2,fija,"[6, 4]",8.539999544154853e-05,1,11709.602498567387,2,0,False
a000_d6_0_1_c1,0,6,9,1,fija,"[2, 4]",3.112489999999525,13193,4238.728477843146,17355,2998,False
a000_d6_0_1_c1,0,6,10,2,etapas,"[5, 4]",5.165661300001375,22546,4364.591228618492,29310,5028,False
a000_d6_0_1_c1,0,6,11,1,fija,"[2, 2]",6.346454499995161,26736,4212.745872521482,36638,7808,False
a000_d6_0_1_c1,0,6,12,2,etapas,"[1, 4]",6.119945099999313,27784,4539.910006709557,34747,4965,False
a000_d6_0_1_c1,0,6,13,1,fija,"[5, 5]",8.483609800001432,38639,4554.547051420667,51997,10498,False
a000_d6_0_1_c1,0,6,14,2,etapas,"[5, 3]",8.80258390000381,41653,4731.906048629877,52650,8182,False
a000_d6_0_1_c1,0,6,15,1,fija,"[4, 6]",11.483804000003147,54535,4748.861962463401,70134,11864,False
a000_d6_0_1_c1,0,6,16,2,etapas,"[4, 2]",9.659890699993412,46793,4844.050668195647,58363,8515,False
a000_d6_0_1_c1,0,6,17,1,fija,"[1, 3]",13.524744700000156,65230,4823.011557475037,86359,16914,False
a000_d6_0_1_c1,0,6,18,2,etapas,"[2, 6]",5.534818899999664,26480,4784.257710762968,33974,5607,False
a000_d6_0_1_c1,0,6,19,1,fija,"[3, 7]",3.9123276000027545,18838,4815.036450420649,25056,4867,False
a000_d6_0_1_c1,0,6,20,2,etapas,"[2, 7]",7.607616399996914,37754,4962.6582118435035,49650,9073,False
a000_d6_0_1_c1,0,6,21,1,fija,"[6, 2]",17.85068599999795,91434,5122.156089688122,116711,19164,False
a000_d6_0_1_c1,0,6,22,2,etapas,"[5, 2]",10.650736699994013,53743,5045.942033289604,72741,14953,False
a000_d6_0_1_c1,0,6,23,1,fija,"[5, 6]",6.522500099999888,33975,5208.892216038537,42652,6325,False
a000_d6_0_1_c1,0,6,24,2,etapas,"[5, 7]",7.557125999999698,37675,4985.360836910951,52442,11821,False
a000_d6_0_1_c1,0,6,25,1,fija,"[1, 7]",11.6844643000004,62291,5331.095923670019,82227,15475,False
a000_d6_0_1_c1,0,6,26,2,etapas,"[7, 2]",6.818991499996628,35777,5246.670273752019,48390,9669,False
a000_d6_0_1_c1,0,6,27,1,fija,"[5, 1]",4.861615299996629,25023,5147.054724798433,35599,8564,False
a000_d6_0_1_c1,0,6,28,2,etapas,"[4, 7]",6.985356400000455,37366,5349.190200230523,50700,10430,False
a000_d6_0_1_c1,0,6,29,1,fija,"[6, 7]",2.1557654999996885,11514,5341.0261923208545,15171,2626,False
a000_d6_0_1_c1,0,6,30,2,etapas,"[0, 2]",3.0949976999982027,16548,5346.692180097455,22619,4787,False
a000_d6_0_1_c1,0,6,31,1,fija,"[6, 3]",8.088036800007103,44711,5528.041118700243,61200,13031,False
a000_d6_0_1_c1,0,6,32,2,etapas,"[7, 3]",9.169893899997987,51589,5625.910240903804,70003,14243,False
a000_d6_0_1_c1,0,6,33,1,fija,"[6, 5]",4.127476600006048,23360,5659.632328373653,31151,5701,False
a000_d6_0_1_c1,0,6,34,2,etapas,"[6, 4]",7.394290999996883,41615,5627.99056731978,58433,13204,False
a000_d6_0_1_c1,0,6,35,1,fija,"[7, 4]",3.8697570000003907,22025,5691.571848050867,29702,5650,False
a000_d6_0_1_c1,0,6,36,2,etapas,"[7, 5]",17.539624199998798,103044,5874.926328239522,135798,24729,False
a000_d6_0_1_c1,0,6,37,1,fija,"[1, 2]",1.02377620000334,5777,5642.834830484586,8182,1726,False
a000_d6_0_1_c1,0,6,38,2,etapas,"[2, 0]",1.2307532999984687,7009,5694.886213190507,10008,2255,False
a000_d6_0_1_c1,0,6,39,1,fija,"[3, 0]",0.8595131999973091,5039,5862.6208416761665,7851,2165,False
a000_d6_0_1_c1,0,6,40,2,etapas,"[5, 0]",1.9323759000035352,11496,5949.153060736769,16536,3755,False
a000_d6_0_1_c1,0,6,41,1,fija,"[1, 0]",0.7851984000008088,4547,5790.893104208206,7673,2441,False
a000_d6_0_1_c1,0,6,42,2,etapas,"[0, 1]",0.4537789000023622,2230,4914.287552789236,3232,672,False
a000_d6_0_1_c1,0,6,43,1,fija,"[6, 6]",0.37765829999989364,2030,5375.22940711371,4052,1671,False
a000_d6_0_1_c1,0,6,44,2,etapas,"[7, 7]",0.11976119999599177,746,6229.062501252221,1114,244,False
a000_d6_0_1_c1,0,6,45,1,fija,"[1, 6]",0.2937988999983645,1638,5575.242112918457,3150,1136,False
a000_d6_0_1_c1,0,6,46,2,etapas,"[3, 1]",0.2156946000031894,1401,6495.294736072595,1976,321,False
a000_d6_0_1_c1,0,6,47,1,fija,"[0, 5]",0.11536770000384422,653,5660.16311305713,1452,648,False
a000_d6_0_1_c1,0,6,48,2,etapas,"[0, 7]",0.09996230000251671,464,4641.749939610414,678,99,False
a000_d6_0_1_c1,0,6,49,1,fija,"[0, 3]",0.10237960000085877,554,5411.234269281703,1172,491,False
a000_d6_0_1_c1,0,6,50,2,etapas,"[0, 6]",0.06845269999757875,393,5741.190632566734,641,130,False
a000_d6_0_1_c1,0,6,51,1,fija,"[0, 4]",0.033363300004566554,197,5904.691681369526,400,140,False
a000_d6_0_1_c1,0,6,52,2,etapas,"[1, 1]",0.03753230000438634,246,6554.354515210908,427,99,False
a000_d6_0_1_c1,0,6,53,1,fija,"[4, 1]",0.06050569999933941,375,6197.763186015436,781,254,False
a000_d6_0_1_c1,0,6,54,2,etapas,"[4, 0]",0.008271999999124091,47,5681.818182419821,110,28,False
a000_d6_0_1_c1,0,6,55,1,fija,"[0, 0]",0.005509499998879619,51,9256.738362895194,168,53,True
a000_d6_0_1_c1,0,6,56,1,fija,"[6, 1]",0.0023090000031515956,21,9094.8462413758,69,20,False
a000_d6_0_1_c1,0,6,57,2,etapas,"[6, 0]",0.0007599999953527004,8,10526.315853840715,25,5,False
a000_d6_0_1_c1,0,6,58,1,fija,"[7, 0]",0.0007175999999162741,4,5574.13600956898,12,3,False
a000_d6_0_1_c1,0,6,59,2,etapas,"[7, 1]",0.00016679999680491164,1,5995.203951769822,3,0,False
a000_d6_0_1_c1,0,6,60,1,fija,"[7, 6]",0.00017590000061318278,1,5685.048303092815,2,0,False
a000_d6_0_1_c2,0,6,9,1,etapas,"[2, 4]",3.2171447000000626,13055,4057.946165741238,17127,2881,False
a000_d6_0_1_c2,0,6,10,2,fija,"[5, 4]",5.436406399996486,23425,4308.912593439509,30414,5234,False
a000_d6_0_1_c2,0,6,11,1,etapas,"[2, 2]",6.349266600002011,26736,4210.8800408525185,36638,7808,False
a000_d6_0_1_c2,0,6,12,2,fija,"[1, 4]",6.183236000004399,27784,4493.440004551053,34747,4965,False
a000_d6_0_1_c2,0,6,13,1,etapas,"[5, 5]",8.575342600001022,38639,4505.825808055225,51997,10498,False
a000_d6_0_1_c2,0,6,14,2,fija,"[5, 3]",8.937958900001831,41653,4660.236242526408,52650,8182,False
a000_d6_0_1_c2,0,6,15,1,etapas,"[4, 6]",11.591687399995863,54535,4704.664482240909,70134,11864,False
a000_d6_0_1_c2,0,6,16,2,fija,"[4, 2]",9.829336700000567,46793,4760.545032504309,58363,8515,False
a000_d6_0_1_c2,0,6,17,1,etapas,"[1, 3]",13.776903199999651,65230,4734.73603269577,86359,16914,False
a000_d6_0_1_c2,0,6,18,2,fija,"[2, 6]",5.565947499999311,26480,4757.500856772954,33974,5607,False
a000_d6_0_1_c2,0,6,19,1,etapas,"[3, 7]",3.885767699997814,18838,4847.948064422533,25056,4867,False
a000_d6_0_1_c2,0,6,20,2,fija,"[2, 7]",7.571076799998991,37754,4986.609038228886,49650,9073,False
a000_d6_0_1_c2,0,6,21,1,etapas,"[6, 2]",18.42633829999977,91434,4962.136183074482,116711,19164,False
a000_d6_0_1_c2,0,6,22,2,fija,"[5, 2]",10.82231600000523,53743,4965.942594909817,72741,14953,False
a000_d6_0_1_c2,0,6,23,1,etapas,"[5, 6]",6.670082399999956,33975,5093.640222495636,42652,6325,False
a000_d6_0_1_c2,0,6,24,2,fija,"[5, 7]",10.119830199997523,37675,3722.8885520242447,52442,11821,False
a000_d6_0_1_c2,0,6,25,1,etapas,"[1, 7]",16.539536999996926,62291,3766.187650840019,82227,15475,False
a000_d6_0_1_c2,0,6,26,2,fija,"[7, 2]",6.871123099997931,35777,5206.863489319639,48390,9669,False
a000_d6_0_1_c2,0,6,27,1,etapas,"[5, 1]",4.83883380000043,25023,5171.287346136538,35599,8564,False
a000_d6_0_1_c2,0,6,28,2,fija,"[4, 7]",6.906021400005557,37366,5410.640633110394,50700,10430,False
a000_d6_0_1_c2,0,6,29,1,etapas,"[6, 7]",2.1645464999965043,11514,5319.359043577301,15171,2626,False
a000_d6_0_1_c2,0,6,30,2,fija,"[0, 2]",3.006908100003784,16548,5503.327487786932,22619,4787,False
a000_d6_0_1_c2,0,6,31,1,etapas,"[6, 3]",8.29193259999738,44711,5392.108469383135,61200,13031,False
a000_d6_0_1_c2,0,6,32,2,fija,"[7, 3]",9.168160100001842,51589,5626.974162459231,70003,14243,False
a000_d6_0_1_c2,0,6,33,1,etapas,"[6, 5]",4.163129700005811,23360,5611.163159285523,31151,5701,False
a000_d6_0_1_c2,0,6,34,2,fija,"[6, 4]",7.697546600000351,41615,5406.268017916008,58433,13204,False
a000_d6_0_1_c2,0,6,35,1,etapas,"[7, 4]",3.8229797999956645,22025,5761.2127587032965,29702,5650,False
a000_d6_0_1_c2,0,6,36,2,fija,"[7, 5]",6.0762246000012965,34172,5623.886911618229,47744,10469,False
a000_d6_0_1_c2,0,6,37,1,etapas,"[1, 2]",1.4905253000033554,8987,6029.4179508256375,12280,2307,False
a000_d6_0_1_c2,0,6,38,2,fija,"[5, 0]",1.057996199997433,6408,6056.732528921699,9193,2030,False
a000_d6_0_1_c2,0,6,39,1,etapas,"[0, 6]",0.44323119999899063,2533,5714.8503986311625,4100,1198,False
a000_d6_0_1_c2,0,6,40,2,fija,"[0, 5]",0.25536819999979343,1461,5721.1508715696855,2492,790,False
a000_d6_0_1_c2,0,6,41,1,etapas,"[0, 4]",0.3570345000043744,2145,6007.82277335585,3371,872,False
a000_d6_0_1_c2,0,6,42,2,fija,"[1, 1]",0.3332331999990856,1844,5533.662312173757,3024,858,False
a000_d6_0_1_c2,0,6,43,1,etapas,"[7, 1]",0.7621327000015299,4932,6471.313985071234,7084,1416,False
a000_d6_0_1_c2,0,6,44,2,fija,"[0, 3]",0.38203429999703076,1937,5070.225369855677,3206,954,False
a000_d6_0_1_c2,0,6,45,1,etapas,"[0, 0]",0.2567077999992762,1418,5523.7900835268665,2397,753,False
a000_d6_0_1_c2,0,6,46,2,fija,"[0, 7]",0.13775650000025053,808,5865.42195829983,1742,779,False
a000_d6_0_1_c2,0,6,47,1,etapas,"[1, 6]",0.20194769999943674,1368,6774.031098169554,1794,262,False
a000_d6_0_1_c2,0,6,48,2,fija,"[7, 7]",0.22454490000382066,1252,5575.722271931792,2724,1246,False
a000_d6_0_1_c2,0,6,49,1,etapas,"[4, 0]",0.26993779999611434,1828,6771.930422587401,2460,358,False
a000_d6_0_1_c2,0,6,50,2,fija,"[7, 0]",0.13190860000031535,827,6269.492663844684,1813,805,False
a000_d6_0_1_c2,0,6,51,1,etapas,"[6, 0]",0.3804888000013307,2631,6914.789607449151,3759,547,False
a000_d6_0_1_c2,0,6,52,2,fija,"[6, 6]",0.0964726000020164,610,6323.038873081581,1333,514,False
a000_d6_0_1_c2,0,6,53,1,etapas,"[6, 1]",0.014160899998387322,87,6143.677309345294,170,35,False
a000_d6_0_1_c2,0,6,54,2,fija,"[0, 1]",0.011774200000218116,62,5265.750539217225,183,77,False
a000_d6_0_1_c2,0,6,55,1,etapas,"[7, 6]",0.0018217000033473596,18,9880.880478083734,63,19,False
a000_d6_0_1_c2,0,6,56,2,fija,"[1, 0]",0.001799199999368284,18,10004.446424144047,62,19,False
a000_d6_0_1_c2,0,6,57,1,etapas,"[2, 0]",0.0004084000029251911,4,9794.319224656574,13,1,False
a000_d6_0_1_c2,0,6,58,2,fija,"[4, 1]",0.0003891000014846213,4,10280.133602513222,12,1,False
a000_d6_0_1_c2,0,6,59,1,etapas,"[3, 1]",0.00010309999925084412,1,9699.321118004884,3,0,False
a000_d6_0_1_c2,0,6,60,2,fija,"[3, 0]",0.00014660000306321308,1,6821.28225856043,2,0,False
a000_d7_0_1_c1,0,7,9,1,fija,"[2, 4]",13.277243399999861,58583,4412.286363598683,76552,13011,False
a000_d7_0_1_c1,0,7,10,2,etapas,"[5, 4]",22.320052200004284,98780,4425.616889909471,130089,23303,False
a000_d7_0_1_c1,0,7,11,1,fija,"[2, 2]",35.73156860000017,163445,4574.2464270096225,202615,26498,False
a000_d7_0_1_c1,0,7,12,2,etapas,"[1, 4]",20.163894500001334,90485,4487.476365242539,124643,26726,False
a000_d7_0_1_c1,0,7,13,1,fija,"[6, 5]",52.71387119999417,253057,4800.577044321267,315365,44106,False
a000_d7_0_1_c1,0,7,14,2,etapas,"[6, 4]",42.20982980000554,199552,4727.619157563478,258322,44263,False
a000_d7_0_1_c1,0,7,15,1,fija,"[5, 5]",71.01372629999969,346303,4876.564265013108,432830,64254,False
a000_d7_0_1_c1,0,7,16,2,etapas,"[5, 3]",91.8379591999983,449573,4895.285173105288,579274,100501,False
a000_d7_0_1_c1,0,7,17,1,fija,"[5, 6]",72.74706180000067,356903,4906.081306502976,453733,74767,False
a000_d7_0_1_c1,0,7,18,2,etapas,"[4, 6]",74.37132199999905,366877,4933.043949386898,468547,78543,False
a000_d7_0_1_c1,0,7,19,1,fija,"[4, 7]",76.19288609999785,383648,5035.220735653572,478652,71172,False
a000_d7_0_1_c1,0,7,20,2,etapas,"[4, 2]",77.09247019999748,389615,5053.865818402752,503629,87522,False
a000_d7_0_1_c1,0,7,21,1,fija,"[1, 3]",78.29459849999694,403386,5152.156186100319,497964,68292,False
a000_d7_0_1_c1,0,7,22,2,etapas,"[5, 2]",70.3407206999982,271307,3857.04037860401,351745,61631,False
a000_d7_0_1_c1,0,7,23,1,fija,"[7, 4]",60.45704000000114,299176,4948.571746152215,383121,63242,False
a000_d7_0_1_c1,0,7,24,2,etapas,"[6, 3]",84.47005329999956,452929,5362.006797739316,577725,93669,False
a000_d7_0_1_c1,0,7,25,1,fija,"[7, 3]",54.98878400000103,287565,5229.520987407079,381674,73719,False
a000_d7_0_1_c1,0,7,26,2,etapas,"[5, 7]",61.26124990000244,334344,5457.675129804798,438698,78872,False
a000_d7_0_1_c1,0,7,27,1,fija,"[2, 7]",33.22975910000241,180105,5419.991142818334,234363,39580,False
a000_d7_0_1_c1,0,7,28,2,etapas,"[3, 7]",31.974164200000814,176081,5506.977411468835,234501,44426,False
a000_d7_0_1_c1,0,7,29,1,fija,"[6, 7]",15.514401200001885,84131,5422.76810528722,113404,21260,False
a000_d7_0_1_c1,0,7,30,2,etapas,"[6, 2]",23.35765430000174,129961,5563.957678746462,180834,38491,False
a000_d7_0_1_c1,0,7,31,1,fija,"[2, 6]",11.213035699998727,60632,5407.277888182135,82523,15956,False
a000_d7_0_1_c1,0,7,32,2,etapas,"[0, 2]",7.185188200004632,40112,5582.595595752682,54852,10548,False
a000_d7_0_1_c1,0,7,33,1,fija,"[4, 1]",8.371867900001234,46623,5569.008082412902,65907,14377,False
a000_d7_0_1_c1,0,7,34,2,etapas,"[1, 6]",11.73152570000093,68894,5872.55245070081,88609,12974,False
a000_d7_0_1_c1,0,7,35,1,fija,"[0, 3]",3.6545068999985233,19540,5346.8225768045195,30899,8703,False
a000_d7_0_1_c1,0,7,36,2,etapas,"[0, 4]",14.55014790000132,85589,5882.34570454038,114743,20181,False
a000_d7_0_1_c1,0,7,37,1,fija,"[7, 1]",2.551875699995435,13321,5220.081840202417,24326,9013,False
a000_d7_0_1_c1,0,7,38,2,etapas,"[3, 1]",5.034735000001092,30315,6021.17092557869,39749,5873,False
a000_d7_0_1_c1,0,7,39,1,fija,"[1, 2]",1.5285168000045815,8378,5481.1304658050785,14614,4798,False
a000_d7_0_1_c1,0,7,40,2,etapas,"[2, 0]",3.809667100002116,23620,6200.016794114867,32163,5455,False
a000_d7_0_1_c1,0,7,41,1,fija,"[0, 7]",0.512880900001619,2989,5827.8637398869105,5227,1543,False
a000_d7_0_1_c1,0,7,42,2,etapas,"[7, 5]",1.2777752000038163,8099,6338.36061302161,11245,1857,False
a000_d7_0_1_c1,0,7,43,1,fija,"[3, 0]",0.5546125999971991,3187,5746.353400582848,5852,1915,False
a000_d7_0_1_c1,0,7,44,2,etapas,"[1, 7]",0.9638661999997566,6161,6391.966021841575,8579,1368,False
a000_d7_0_1_c1,0,7,45,1,fija,"[6, 6]",0.7474890999947092,3905,5224.156445930302,7641,2881,False
a000_d7_0_1_c1,0,7,46,2,etapas,"[7, 7]",0.7923187999986112,5117,6458.25897354571,7416,1280,False
a000_d7_0_1_c1,0,7,47,1,fija,"[0, 5]",0.5143813000031514,3173,6168.575723846416,5822,1787,False
a000_d7_0_1_c1,0,7,48,2,etapas,"[0, 6]",0.5333314000017708,3490,6543.773721158012,5535,1167,False
a000_d7_0_1_c1,0,7,49,1,fija,"[7, 6]",0.15358939999714494,881,5736.072932223036,1917,728,False
a000_d7_0_1_c1,0,7,50,2,etapas,"[5, 0]",0.24322750000283122,1555,6393.191559268173,2746,626,False
a000_d7_0_1_c1,0,7,51,1,fija,"[4, 0]",0.07622879999689758,412,5404.781395178305,1116,479,False
a000_d7_0_1_c1,0,7,52,2,etapas,"[5, 1]",0.09594020000076853,380,3960.8005819974946,855,257,False
a000_d7_0_1_c1,0,7,53,1,fija,"[0, 1]",0.017185199998493772,89,5178.874846251459,314,123,False
a000_d7_0_1_c1,0,7,54,2,etapas,"[1, 1]",0.010419600002933294,97,9309.37847639956,364,147,False
a000_d7_0_1_c1,0,7,55,1,fija,"[0, 0]",0.0020666999989771284,18,8709.536947263143,75,30,False
a000_d7_0_1_c1,0,7,56,2,etapas,"[1, 0]",0.0010761999947135337,10,9291.95321419959,38,11,False
a000_d7_0_1_c1,0,7,57,1,fija,"[6, 1]",0.0006081999963498674,6,9865.175988176916,21,4,False
a000_d7_0_1_c1,0,7,58,2,etapas,"[7, 0]",0.0003060999952140264,3,9800.718872610198,10,2,False
a000_d7_0_1_c1,0,7,59,1,fija,"[6, 0]",0.00010800000018207356,1,9259.259243649385,3,0,False
a000_d7_0_1_c1,0,7,60,2,etapas,"[7, 2]",8.630000229459256e-05,1,11587.485207548583,2,0,False
a000_d7_0_1_c2,0,7,9,1,etapas,"[2, 2]",12.732921900002111,55387,4349.904949938538,72582,12420,False
a000_d7_0_1_c2,0,7,10,2,fija,"[5, 6]",25.28794110000308,114575,4530.815677990726,148890,25254,False
a000_d7_0_1_c2,0,7,11,1,etapas,"[2, 4]",20.317952499994135,92326,4544.060234417157,114881,16101,False
a000_d7_0_1_c2,0,7,12,2,fija,"[1, 3]",15.418832199997269,69079,4480.170683744274,91052,16621,False
a000_d7_0_1_c2,0,7,13,1,etapas,"[6, 7]",22.99241759999859,106343,4625.133461389746,135259,21021,False
a000_d7_0_1_c2,0,7,14,2,fija,"[5, 5]",24.45509000000311,112522,4601.168918208262,150607,29274,False
a000_d7_0_1_c2,0,7,15,1,etapas,"[5, 4]",46.31909789999918,221591,4784.009405330062,283338,45915,False
a000_d7_0_1_c2,0,7,16,2,fija,"[6, 5]",40.63786689999688,199059,4898.362418722703,259326,45938,False
a000_d7_0_1_c2,0,7,17,1,etapas,"[4, 6]",75.30020840000361,378123,5021.539887265198,466680,63479,False
a000_d7_0_1_c2,0,7,18,2,fija,"[4, 7]",87.61765569999989,433093,4942.987763595238,580338,116023,False
a000_d7_0_1_c2,0,7,19,1,etapas,"[2, 7]",63.586983399996825,325653,5121.378348009764,404003,54719,False
a000_d7_0_1_c2,0,7,20,2,fija,"[1, 2]",27.288631599993096,134976,4946.235559867141,184960,38570,False
a000_d7_0_1_c2,0,7,21,1,etapas,"[6, 4]",34.88559789999999,183384,5256.725154193216,225991,29335,False
a000_d7_0_1_c2,0,7,22,2,fija,"[3, 1]",70.29621249999764,366676,5216.155849079527,484865,91555,False
a000_d7_0_1_c2,0,7,23,1,etapas,"[2, 6]",53.30782490000274,288171,5405.791748970519,363228,55370,False
a000_d7_0_1_c2,0,7,24,2,fija,"[5, 2]",106.32839009999589,579014,5445.525879357995,734822,117474,False
a000_d7_0_1_c2,0,7,25,1,etapas,"[5, 3]",67.01027620000241,365614,5456.088539446832,451312,61349,False
a000_d7_0_1_c2,0,7,26,2,fija,"[4, 2]",74.15154509999411,411670,5551.73866498478,541869,103391,False
a000_d7_0_1_c2,0,7,27,1,etapas,"[1, 4]",56.293854999996256,317085,5632.675182753448,401150,61173,False
a000_d7_0_1_c2,0,7,28,2,fija,"[0, 5]",54.95606140000018,307741,5599.764469292899,405804,75816,False
a000_d7_0_1_c2,0,7,29,1,etapas,"[7, 5]",36.30847579999681,208502,5742.515911395496,265036,39263,False
a000_d7_0_1_c2,0,7,30,2,fija,"[5, 7]",17.453593600002932,96981,5556.506139800557,135110,29487,False
a000_d7_0_1_c2,0,7,31,1,etapas,"[3, 7]",11.824125899998762,64664,5468.818629545104,94651,23238,False
a000_d7_0_1_c2,0,7,32,2,fija,"[6, 2]",8.097950800001854,44918,5546.8353796357615,65882,15802,False
a000_d7_0_1_c2,0,7,33,1,etapas,"[5, 1]",23.9789574000024,141244,5890.3311617704385,187549,32926,False
a000_d7_0_1_c2,0,7,34,2,fija,"[4, 0]",27.531776499999978,164347,5969.356899290539,220951,41256,False
a000_d7_0_1_c2,0,7,35,1,etapas,"[0, 2]",13.207414600001357,80068,6062.352278998781,106826,19224,False
a000_d7_0_1_c2,0,7,36,2,fija,"[0, 3]",4.862749200001417,29136,5991.672365087533,39641,7229,False
a000_d7_0_1_c2,0,7,37,1,etapas,"[4, 1]",8.458684500001254,49821,5889.922954330855,73078,17305,False
a000_d7_0_1_c2,0,7,38,2,fija,"[6, 3]",9.608678699994925,59524,6194.81635909331,80344,14070,False
a000_d7_0_1_c2,0,7,39,1,etapas,"[7, 4]",7.382239699996717,44406,6015.247649032549,68001,18055,False
a000_d7_0_1_c2,0,7,40,2,fija,"[1, 6]",4.529846700002963,28413,6272.397695043723,38820,6865,False
a000_d7_0_1_c2,0,7,41,1,etapas,"[6, 0]",5.461835699999938,33593,6150.49625165407,52117,13834,False
a000_d7_0_1_c2,0,7,42,2,fija,"[7, 2]",3.674920799996471,23598,6421.362876724489,31389,4601,False
a000_d7_0_1_c2,0,7,43,1,etapas,"[0, 4]",1.4326031999953557,8666,6049.12790926901,15050,4887,False
a000_d7_0_1_c2,0,7,44,2,fija,"[1, 7]",2.9139983999994,18439,6327.731683038603,24749,3490,False
a000_d7_0_1_c2,0,7,45,1,etapas,"[0, 7]",0.42426890000206186,2460,5798.209578849745,4540,1635,False
a000_d7_0_1_c2,0,7,46,2,fija,"[0, 6]",1.1971487999981036,7908,6605.695131643223,10832,1487,False
a000_d7_0_1_c2,0,7,47,1,etapas,"[7, 1]",0.6363296999988961,3830,6018.892407515545,7882,3307,False
a000_d7_0_1_c2,0,7,48,2,fija,"[7, 3]",0.9825321000025724,6687,6805.884510014983,9207,1227,False
a000_d7_0_1_c2,0,7,49,1,etapas,"[6, 6]",0.21655230000033043,1116,5153.4894803624675,2462,1094,False
a000_d7_0_1_c2,0,7,50,2,fija,"[1, 0]",0.8752114000017173,5622,6423.590917564567,8503,1367,False
a000_d7_0_1_c2,0,7,51,1,etapas,"[6, 1]",0.22870210000110092,1349,5898.502899595177,3063,1264,False
a000_d7_0_1_c2,0,7,52,2,fija,"[1, 1]",0.21987020000233315,1407,6399.230091140453,2672,622,False
a000_d7_0_1_c2,0,7,53,1,etapas,"[0, 0]",0.01730400000087684,97,5605.640314094126,268,96,False
a000_d7_0_1_c2,0,7,54,2,fija,"[0, 1]",0.007918199997220654,70,8840.393021718384,258,92,False
a000_d7_0_1_c2,0,7,55,1,etapas,"[2, 0]",0.004370900001958944,23,5262.074170008898,77,27,False
a000_d7_0_1_c2,0,7,56,2,fija,"[7, 0]",0.0033155999990412965,23,6936.90433304694,76,27,True
a000_d7_0_1_c2,0,7,57,2,fija,"[3, 0]",0.0010448999964864925,8,7656.235072160244,25,8,False
a000_d7_0_1_c2,0,7,58,1,etapas,"[5, 0]",0.00018969999655382708,2,10542.962764010927,6,0,False
a000_d7_0_1_c2,0,7,59,2,fija,"[7, 6]",0.0003146999952150509,2,6355.259073433719,5,0,False
a000_d7_0_1_c2,0,7,60,1,etapas,"[7, 7]",0.00013580000086221844,1,7363.770203614297,2,0,False
