agente_a,agente_b,puntaje_a,puntaje_b,version_funcion,tiempo_decision_promedio,semilla,empieza,ganador,diferencia_puntaje
Base,Mejorada,22,204,base_vs_mejorada,0.01384,1000,Base,Mejorada,-182
Base,Mejorada,0,220,base_vs_mejorada,0.01260,1001,Mejorada,Mejorada,-220
Base,Mejorada,5,202,base_vs_mejorada,0.01257,1002,Base,Mejorada,-197
Base,Mejorada,0,155,base_vs_mejorada,0.01316,1003,Mejorada,Mejorada,-155
Base,Mejorada,6,213,base_vs_mejorada,0.01272,1004,Base,Mejorada,-207
Base,Mejorada,0,160,base_vs_mejorada,0.01286,1005,Mejorada,Mejorada,-160
Base,Mejorada,5,168,base_vs_mejorada,0.01604,1006,Base,Mejorada,-163
Base,Mejorada,0,143,base_vs_mejorada,0.01351,1007,Mejorada,Mejorada,-143
Base,Mejorada,10,187,base_vs_mejorada,0.01284,1008,Base,Mejorada,-177
Base,Mejorada,0,150,base_vs_mejorada,0.01309,1009,Mejorada,Mejorada,-150
Base,Mejorada,45,136,base_vs_mejorada,0.01376,1010,Base,Mejorada,-91
Base,Mejorada,0,220,base_vs_mejorada,0.01401,1011,Mejorada,Mejorada,-220
Base,Mejorada,12,221,base_vs_mejorada,0.01362,1012,Base,Mejorada,-209
Base,Mejorada,0,151,base_vs_mejorada,0.01345,1013,Mejorada,Mejorada,-151
Base,Mejorada,11,146,base_vs_mejorada,0.01325,1014,Base,Mejorada,-135
Base,Mejorada,0,153,base_vs_mejorada,0.01304,1015,Mejorada,Mejorada,-153
Base,Mejorada,172,90,base_vs_mejorada,0.01304,1016,Base,Base,82
Base,Mejorada,0,208,base_vs_mejorada,0.01379,1017,Mejorada,Mejorada,-208
Base,Mejorada,12,132,base_vs_mejorada,0.01249,1018,Base,Mejorada,-120
Base,Mejorada,0,153,base_vs_mejorada,0.01355,1019,Mejorada,Mejorada,-153
Base,Mejorada,17,146,base_vs_mejorada,0.01377,1020,Base,Mejorada,-129
Base,Mejorada,0,217,base_vs_mejorada,0.01420,1021,Mejorada,Mejorada,-217
Base,Mejorada,31,157,base_vs_mejorada,0.01396,1022,Base,Mejorada,-126
Base,Mejorada,0,166,base_vs_mejorada,0.01373,1023,Mejorada,Mejorada,-166
Base,Mejorada,8,128,base_vs_mejorada,0.01301,1024,Base,Mejorada,-120
Base,Mejorada,0,194,base_vs_mejorada,0.01332,1025,Mejorada,Mejorada,-194
Base,Mejorada,6,196,base_vs_mejorada,0.01436,1026,Base,Mejorada,-190
Base,Mejorada,0,220,base_vs_mejorada,0.01395,1027,Mejorada,Mejorada,-220
Base,Mejorada,12,213,base_vs_mejorada,0.01351,1028,Base,Mejorada,-201
Base,Mejorada,0,200,base_vs_mejorada,0.01320,1029,Mejorada,Mejorada,-200
Base,Mejorada,5,163,base_vs_mejorada,0.01347,1030,Base,Mejorada,-158
Base,Mejorada,0,198,base_vs_mejorada,0.01343,1031,Mejorada,Mejorada,-198
Base,Mejorada,8,205,base_vs_mejorada,0.01251,1032,Base,Mejorada,-197
Base,Mejorada,0,202,base_vs_mejorada,0.01529,1033,Mejorada,Mejorada,-202
Base,Mejorada,130,152,base_vs_mejorada,0.01554,1034,Base,Mejorada,-22
Base,Mejorada,0,159,base_vs_mejorada,0.01398,1035,Mejorada,Mejorada,-159
Base,Mejorada,15,205,base_vs_mejorada,0.01247,1036,Base,Mejorada,-190
Base,Mejorada,0,192,base_vs_mejorada,0.01428,1037,Mejorada,Mejorada,-192
Base,Mejorada,6,172,base_vs_mejorada,0.01405,1038,Base,Mejorada,-166
Base,Mejorada,0,197,base_vs_mejorada,0.01578,1039,Mejorada,Mejorada,-197
Base,Mejorada,12,175,base_vs_mejorada,0.01630,1040,Base,Mejorada,-163
Base,Mejorada,4,168,base_vs_mejorada,0.01649,1041,Mejorada,Mejorada,-164
Base,Mejorada,25,209,base_vs_mejorada,0.01744,1042,Base,Mejorada,-184
Base,Mejorada,6,123,base_vs_mejorada,0.01596,1043,Mejorada,Mejorada,-117
Base,Mejorada,5,141,base_vs_mejorada,0.01310,1044,Base,Mejorada,-136
Base,Mejorada,0,162,base_vs_mejorada,0.01362,1045,Mejorada,Mejorada,-162
Base,Mejorada,10,209,base_vs_mejorada,0.01385,1046,Base,Mejorada,-199
Base,Mejorada,1,151,base_vs_mejorada,0.01377,1047,Mejorada,Mejorada,-150
Base,Mejorada,8,159,base_vs_mejorada,0.01313,1048,Base,Mejorada,-151
Base,Mejorada,46,126,base_vs_mejorada,0.01377,1049,Mejorada,Mejorada,-80
Base,Mejorada,17,162,base_vs_mejorada,0.01291,1050,Base,Mejorada,-145
Base,Mejorada,0,162,base_vs_mejorada,0.01559,1051,Mejorada,Mejorada,-162
Base,Mejorada,6,213,base_vs_mejorada,0.01341,1052,Base,Mejorada,-207
Base,Mejorada,2,152,base_vs_mejorada,0.01333,1053,Mejorada,Mejorada,-150
Base,Mejorada,30,222,base_vs_mejorada,0.01204,1054,Base,Mejorada,-192
Base,Mejorada,0,126,base_vs_mejorada,0.01272,1055,Mejorada,Mejorada,-126
Base,Mejorada,6,159,base_vs_mejorada,0.01194,1056,Base,Mejorada,-153
Base,Mejorada,0,155,base_vs_mejorada,0.01268,1057,Mejorada,Mejorada,-155
Base,Mejorada,89,205,base_vs_mejorada,0.01148,1058,Base,Mejorada,-116
Base,Mejorada,0,191,base_vs_mejorada,0.01209,1059,Mejorada,Mejorada,-191
Base,Mejorada,6,164,base_vs_mejorada,0.01286,1060,Base,Mejorada,-158
Base,Mejorada,0,168,base_vs_mejorada,0.01263,1061,Mejorada,Mejorada,-168
Base,Mejorada,129,158,base_vs_mejorada,0.01110,1062,Base,Mejorada,-29
Base,Mejorada,0,210,base_vs_mejorada,0.01242,1063,Mejorada,Mejorada,-210
Base,Mejorada,6,204,base_vs_mejorada,0.01295,1064,Base,Mejorada,-198
Base,Mejorada,0,214,base_vs_mejorada,0.01450,1065,Mejorada,Mejorada,-214
Base,Mejorada,12,204,base_vs_mejorada,0.01254,1066,Base,Mejorada,-192
Base,Mejorada,0,162,base_vs_mejorada,0.01457,1067,Mejorada,Mejorada,-162
Base,Mejorada,61,156,base_vs_mejorada,0.01387,1068,Base,Mejorada,-95
Base,Mejorada,5,150,base_vs_mejorada,0.01310,1069,Mejorada,Mejorada,-145
Base,Mejorada,25,221,base_vs_mejorada,0.01330,1070,Base,Mejorada,-196
Base,Mejorada,0,143,base_vs_mejorada,0.01449,1071,Mejorada,Mejorada,-143
Base,Mejorada,10,166,base_vs_mejorada,0.01456,1072,Base,Mejorada,-156
Base,Mejorada,8,206,base_vs_mejorada,0.01255,1073,Mejorada,Mejorada,-198
Base,Mejorada,12,201,base_vs_mejorada,0.01274,1074,Base,Mejorada,-189
Base,Mejorada,0,165,base_vs_mejorada,0.01805,1075,Mejorada,Mejorada,-165
Base,Mejorada,13,145,base_vs_mejorada,0.01524,1076,Base,Mejorada,-132
Base,Mejorada,0,159,base_vs_mejorada,0.01463,1077,Mejorada,Mejorada,-159
Base,Mejorada,22,126,base_vs_mejorada,0.01493,1078,Base,Mejorada,-104
Base,Mejorada,0,204,base_vs_mejorada,0.01433,1079,Mejorada,Mejorada,-204
Base,Mejorada,86,159,base_vs_mejorada,0.01639,1080,Base,Mejorada,-73
Base,Mejorada,0,212,base_vs_mejorada,0.01674,1081,Mejorada,Mejorada,-212
Base,Mejorada,12,218,base_vs_mejorada,0.01519,1082,Base,Mejorada,-206
Base,Mejorada,0,156,base_vs_mejorada,0.01596,1083,Mejorada,Mejorada,-156
Base,Mejorada,18,210,base_vs_mejorada,0.01493,1084,Base,Mejorada,-192
Base,Mejorada,0,206,base_vs_mejorada,0.01392,1085,Mejorada,Mejorada,-206
Base,Mejorada,33,152,base_vs_mejorada,0.01266,1086,Base,Mejorada,-119
Base,Mejorada,0,194,base_vs_mejorada,0.01318,1087,Mejorada,Mejorada,-194
Base,Mejorada,6,145,base_vs_mejorada,0.01289,1088,Base,Mejorada,-139
Base,Mejorada,0,206,base_vs_mejorada,0.01228,1089,Mejorada,Mejorada,-206
Base,Mejorada,12,157,base_vs_mejorada,0.01257,1090,Base,Mejorada,-145
Base,Mejorada,0,143,base_vs_mejorada,0.01320,1091,Mejorada,Mejorada,-143
Base,Mejorada,33,201,base_vs_mejorada,0.01427,1092,Base,Mejorada,-168
Base,Mejorada,0,196,base_vs_mejorada,0.01519,1093,Mejorada,Mejorada,-196
Base,Mejorada,27,176,base_vs_mejorada,0.01775,1094,Base,Mejorada,-149
Base,Mejorada,8,162,base_vs_mejorada,0.01521,1095,Mejorada,Mejorada,-154
Base,Mejorada,22,158,base_vs_mejorada,0.01512,1096,Base,Mejorada,-136
Base,Mejorada,0,120,base_vs_mejorada,0.01537,1097,Mejorada,Mejorada,-120
Base,Mejorada,6,114,base_vs_mejorada,0.01494,1098,Base,Mejorada,-108
Base,Mejorada,0,208,base_vs_mejorada,0.01390,1099,Mejorada,Mejorada,-208
Mej_FuncBase,Mej_FuncMejorada,152,194,aislamiento_evaluador,0.01421,2000,Mej_FuncBase,Mej_FuncMejorada,-42
Mej_FuncBase,Mej_FuncMejorada,199,207,aislamiento_evaluador,0.01508,2001,Mej_FuncMejorada,Mej_FuncMejorada,-8
Mej_FuncBase,Mej_FuncMejorada,202,169,aislamiento_evaluador,0.01435,2002,Mej_FuncBase,Mej_FuncBase,33
Mej_FuncBase,Mej_FuncMejorada,207,201,aislamiento_evaluador,0.01479,2003,Mej_FuncMejorada,Mej_FuncBase,6
Mej_FuncBase,Mej_FuncMejorada,193,205,aislamiento_evaluador,0.01472,2004,Mej_FuncBase,Mej_FuncMejorada,-12
Mej_FuncBase,Mej_FuncMejorada,207,154,aislamiento_evaluador,0.01461,2005,Mej_FuncMejorada,Mej_FuncBase,53
Mej_FuncBase,Mej_FuncMejorada,127,219,aislamiento_evaluador,0.01512,2006,Mej_FuncBase,Mej_FuncMejorada,-92
Mej_FuncBase,Mej_FuncMejorada,197,152,aislamiento_evaluador,0.01534,2007,Mej_FuncMejorada,Mej_FuncBase,45
Mej_FuncBase,Mej_FuncMejorada,200,162,aislamiento_evaluador,0.01482,2008,Mej_FuncBase,Mej_FuncBase,38
Mej_FuncBase,Mej_FuncMejorada,150,212,aislamiento_evaluador,0.01508,2009,Mej_FuncMejorada,Mej_FuncMejorada,-62
Mej_FuncBase,Mej_FuncMejorada,206,156,aislamiento_evaluador,0.01488,2010,Mej_FuncBase,Mej_FuncBase,50
Mej_FuncBase,Mej_FuncMejorada,148,206,aislamiento_evaluador,0.01454,2011,Mej_FuncMejorada,Mej_FuncMejorada,-58
Mej_FuncBase,Mej_FuncMejorada,205,184,aislamiento_evaluador,0.01464,2012,Mej_FuncBase,Mej_FuncBase,21
Mej_FuncBase,Mej_FuncMejorada,171,181,aislamiento_evaluador,0.01449,2013,Mej_FuncMejorada,Mej_FuncMejorada,-10
Mej_FuncBase,Mej_FuncMejorada,203,190,aislamiento_evaluador,0.01517,2014,Mej_FuncBase,Mej_FuncBase,13
Mej_FuncBase,Mej_FuncMejorada,202,199,aislamiento_evaluador,0.01610,2015,Mej_FuncMejorada,Mej_FuncBase,3
Mej_FuncBase,Mej_FuncMejorada,119,193,aislamiento_evaluador,0.01371,2016,Mej_FuncBase,Mej_FuncMejorada,-74
Mej_FuncBase,Mej_FuncMejorada,152,199,aislamiento_evaluador,0.01530,2017,Mej_FuncMejorada,Mej_FuncMejorada,-47
Mej_FuncBase,Mej_FuncMejorada,198,150,aislamiento_evaluador,0.01533,2018,Mej_FuncBase,Mej_FuncBase,48
Mej_FuncBase,Mej_FuncMejorada,145,214,aislamiento_evaluador,0.01576,2019,Mej_FuncMejorada,Mej_FuncMejorada,-69
Mej_FuncBase,Mej_FuncMejorada,148,165,aislamiento_evaluador,0.01526,2020,Mej_FuncBase,Mej_FuncMejorada,-17
Mej_FuncBase,Mej_FuncMejorada,160,205,aislamiento_evaluador,0.01446,2021,Mej_FuncMejorada,Mej_FuncMejorada,-45
Mej_FuncBase,Mej_FuncMejorada,119,195,aislamiento_evaluador,0.01450,2022,Mej_FuncBase,Mej_FuncMejorada,-76
Mej_FuncBase,Mej_FuncMejorada,165,201,aislamiento_evaluador,0.01580,2023,Mej_FuncMejorada,Mej_FuncMejorada,-36
Mej_FuncBase,Mej_FuncMejorada,205,212,aislamiento_evaluador,0.01449,2024,Mej_FuncBase,Mej_FuncMejorada,-7
Mej_FuncBase,Mej_FuncMejorada,195,235,aislamiento_evaluador,0.01695,2025,Mej_FuncMejorada,Mej_FuncMejorada,-40
Mej_FuncBase,Mej_FuncMejorada,195,186,aislamiento_evaluador,0.01516,2026,Mej_FuncBase,Mej_FuncBase,9
Mej_FuncBase,Mej_FuncMejorada,214,192,aislamiento_evaluador,0.01447,2027,Mej_FuncMejorada,Mej_FuncBase,22
Mej_FuncBase,Mej_FuncMejorada,201,224,aislamiento_evaluador,0.01522,2028,Mej_FuncBase,Mej_FuncMejorada,-23
Mej_FuncBase,Mej_FuncMejorada,169,160,aislamiento_evaluador,0.01465,2029,Mej_FuncMejorada,Mej_FuncBase,9
Mej_FuncBase,Mej_FuncMejorada,208,152,aislamiento_evaluador,0.01400,2030,Mej_FuncBase,Mej_FuncBase,56
Mej_FuncBase,Mej_FuncMejorada,220,173,aislamiento_evaluador,0.01499,2031,Mej_FuncMejorada,Mej_FuncBase,47
Mej_FuncBase,Mej_FuncMejorada,139,139,aislamiento_evaluador,0.01441,2032,Mej_FuncBase,Empate,0
Mej_FuncBase,Mej_FuncMejorada,151,175,aislamiento_evaluador,0.01504,2033,Mej_FuncMejorada,Mej_FuncMejorada,-24
Mej_FuncBase,Mej_FuncMejorada,171,147,aislamiento_evaluador,0.01520,2034,Mej_FuncBase,Mej_FuncBase,24
Mej_FuncBase,Mej_FuncMejorada,155,201,aislamiento_evaluador,0.01547,2035,Mej_FuncMejorada,Mej_FuncMejorada,-46
Mej_FuncBase,Mej_FuncMejorada,208,167,aislamiento_evaluador,0.01504,2036,Mej_FuncBase,Mej_FuncBase,41
Mej_FuncBase,Mej_FuncMejorada,165,121,aislamiento_evaluador,0.01530,2037,Mej_FuncMejorada,Mej_FuncBase,44
Mej_FuncBase,Mej_FuncMejorada,215,169,aislamiento_evaluador,0.01442,2038,Mej_FuncBase,Mej_FuncBase,46
Mej_FuncBase,Mej_FuncMejorada,156,167,aislamiento_evaluador,0.01495,2039,Mej_FuncMejorada,Mej_FuncMejorada,-11
Mej_FuncBase,Mej_FuncMejorada,179,152,aislamiento_evaluador,0.01500,2040,Mej_FuncBase,Mej_FuncBase,27
Mej_FuncBase,Mej_FuncMejorada,160,169,aislamiento_evaluador,0.01545,2041,Mej_FuncMejorada,Mej_FuncMejorada,-9
Mej_FuncBase,Mej_FuncMejorada,111,142,aislamiento_evaluador,0.01447,2042,Mej_FuncBase,Mej_FuncMejorada,-31
Mej_FuncBase,Mej_FuncMejorada,205,158,aislamiento_evaluador,0.01398,2043,Mej_FuncMejorada,Mej_FuncBase,47
Mej_FuncBase,Mej_FuncMejorada,199,187,aislamiento_evaluador,0.01536,2044,Mej_FuncBase,Mej_FuncBase,12
Mej_FuncBase,Mej_FuncMejorada,191,205,aislamiento_evaluador,0.01418,2045,Mej_FuncMejorada,Mej_FuncMejorada,-14
Mej_FuncBase,Mej_FuncMejorada,207,193,aislamiento_evaluador,0.01503,2046,Mej_FuncBase,Mej_FuncBase,14
Mej_FuncBase,Mej_FuncMejorada,189,162,aislamiento_evaluador,0.01483,2047,Mej_FuncMejorada,Mej_FuncBase,27
Mej_FuncBase,Mej_FuncMejorada,152,210,aislamiento_evaluador,0.01508,2048,Mej_FuncBase,Mej_FuncMejorada,-58
Mej_FuncBase,Mej_FuncMejorada,139,209,aislamiento_evaluador,0.01564,2049,Mej_FuncMejorada,Mej_FuncMejorada,-70
Mej_FuncBase,Mej_FuncMejorada,141,206,aislamiento_evaluador,0.01557,2050,Mej_FuncBase,Mej_FuncMejorada,-65
Mej_FuncBase,Mej_FuncMejorada,205,196,aislamiento_evaluador,0.01538,2051,Mej_FuncMejorada,Mej_FuncBase,9
Mej_FuncBase,Mej_FuncMejorada,116,128,aislamiento_evaluador,0.01478,2052,Mej_FuncBase,Mej_FuncMejorada,-12
Mej_FuncBase,Mej_FuncMejorada,190,157,aislamiento_evaluador,0.01512,2053,Mej_FuncMejorada,Mej_FuncBase,33
Mej_FuncBase,Mej_FuncMejorada,200,212,aislamiento_evaluador,0.01474,2054,Mej_FuncBase,Mej_FuncMejorada,-12
Mej_FuncBase,Mej_FuncMejorada,200,154,aislamiento_evaluador,0.01504,2055,Mej_FuncMejorada,Mej_FuncBase,46
Mej_FuncBase,Mej_FuncMejorada,194,202,aislamiento_evaluador,0.01497,2056,Mej_FuncBase,Mej_FuncMejorada,-8
Mej_FuncBase,Mej_FuncMejorada,215,200,aislamiento_evaluador,0.01456,2057,Mej_FuncMejorada,Mej_FuncBase,15
Mej_FuncBase,Mej_FuncMejorada,130,221,aislamiento_evaluador,0.01405,2058,Mej_FuncBase,Mej_FuncMejorada,-91
Mej_FuncBase,Mej_FuncMejorada,143,163,aislamiento_evaluador,0.01414,2059,Mej_FuncMejorada,Mej_FuncMejorada,-20
Mej_FuncBase,Mej_FuncMejorada,159,208,aislamiento_evaluador,0.01410,2060,Mej_FuncBase,Mej_FuncMejorada,-49
Mej_FuncBase,Mej_FuncMejorada,195,148,aislamiento_evaluador,0.01460,2061,Mej_FuncMejorada,Mej_FuncBase,47
Mej_FuncBase,Mej_FuncMejorada,203,158,aislamiento_evaluador,0.01442,2062,Mej_FuncBase,Mej_FuncBase,45
Mej_FuncBase,Mej_FuncMejorada,208,148,aislamiento_evaluador,0.01503,2063,Mej_FuncMejorada,Mej_FuncBase,60
Mej_FuncBase,Mej_FuncMejorada,141,124,aislamiento_evaluador,0.01358,2064,Mej_FuncBase,Mej_FuncBase,17
Mej_FuncBase,Mej_FuncMejorada,192,150,aislamiento_evaluador,0.01477,2065,Mej_FuncMejorada,Mej_FuncBase,42
Mej_FuncBase,Mej_FuncMejorada,180,164,aislamiento_evaluador,0.01478,2066,Mej_FuncBase,Mej_FuncBase,16
Mej_FuncBase,Mej_FuncMejorada,169,184,aislamiento_evaluador,0.01559,2067,Mej_FuncMejorada,Mej_FuncMejorada,-15
Mej_FuncBase,Mej_FuncMejorada,198,180,aislamiento_evaluador,0.01419,2068,Mej_FuncBase,Mej_FuncBase,18
Mej_FuncBase,Mej_FuncMejorada,146,208,aislamiento_evaluador,0.01449,2069,Mej_FuncMejorada,Mej_FuncMejorada,-62
Mej_FuncBase,Mej_FuncMejorada,213,154,aislamiento_evaluador,0.01539,2070,Mej_FuncBase,Mej_FuncBase,59
Mej_FuncBase,Mej_FuncMejorada,147,166,aislamiento_evaluador,0.01476,2071,Mej_FuncMejorada,Mej_FuncMejorada,-19
Mej_FuncBase,Mej_FuncMejorada,155,169,aislamiento_evaluador,0.01495,2072,Mej_FuncBase,Mej_FuncMejorada,-14
Mej_FuncBase,Mej_FuncMejorada,152,194,aislamiento_evaluador,0.01521,2073,Mej_FuncMejorada,Mej_FuncMejorada,-42
Mej_FuncBase,Mej_FuncMejorada,132,147,aislamiento_evaluador,0.01482,2074,Mej_FuncBase,Mej_FuncMejorada,-15
Mej_FuncBase,Mej_FuncMejorada,62,205,aislamiento_evaluador,0.01498,2075,Mej_FuncMejorada,Mej_FuncMejorada,-143
Mej_FuncBase,Mej_FuncMejorada,141,217,aislamiento_evaluador,0.01449,2076,Mej_FuncBase,Mej_FuncMejorada,-76
Mej_FuncBase,Mej_FuncMejorada,150,148,aislamiento_evaluador,0.01469,2077,Mej_FuncMejorada,Mej_FuncBase,2
Mej_FuncBase,Mej_FuncMejorada,170,160,aislamiento_evaluador,0.01677,2078,Mej_FuncBase,Mej_FuncBase,10
Mej_FuncBase,Mej_FuncMejorada,166,157,aislamiento_evaluador,0.01377,2079,Mej_FuncMejorada,Mej_FuncBase,9
Mej_FuncBase,Mej_FuncMejorada,157,200,aislamiento_evaluador,0.01530,2080,Mej_FuncBase,Mej_FuncMejorada,-43
Mej_FuncBase,Mej_FuncMejorada,210,120,aislamiento_evaluador,0.01412,2081,Mej_FuncMejorada,Mej_FuncBase,90
Mej_FuncBase,Mej_FuncMejorada,156,111,aislamiento_evaluador,0.01413,2082,Mej_FuncBase,Mej_FuncBase,45
Mej_FuncBase,Mej_FuncMejorada,155,196,aislamiento_evaluador,0.01506,2083,Mej_FuncMejorada,Mej_FuncMejorada,-41
Mej_FuncBase,Mej_FuncMejorada,165,115,aislamiento_evaluador,0.01591,2084,Mej_FuncBase,Mej_FuncBase,50
Mej_FuncBase,Mej_FuncMejorada,137,151,aislamiento_evaluador,0.01493,2085,Mej_FuncMejorada,Mej_FuncMejorada,-14
Mej_FuncBase,Mej_FuncMejorada,197,191,aislamiento_evaluador,0.01528,2086,Mej_FuncBase,Mej_FuncBase,6
Mej_FuncBase,Mej_FuncMejorada,196,151,aislamiento_evaluador,0.01481,2087,Mej_FuncMejorada,Mej_FuncBase,45
Mej_FuncBase,Mej_FuncMejorada,111,211,aislamiento_evaluador,0.01555,2088,Mej_FuncBase,Mej_FuncMejorada,-100
Mej_FuncBase,Mej_FuncMejorada,143,161,aislamiento_evaluador,0.01577,2089,Mej_FuncMejorada,Mej_FuncMejorada,-18
Mej_FuncBase,Mej_FuncMejorada,130,181,aislamiento_evaluador,0.01445,2090,Mej_FuncBase,Mej_FuncMejorada,-51
Mej_FuncBase,Mej_FuncMejorada,153,211,aislamiento_evaluador,0.01462,2091,Mej_FuncMejorada,Mej_FuncMejorada,-58
Mej_FuncBase,Mej_FuncMejorada,150,215,aislamiento_evaluador,0.01446,2092,Mej_FuncBase,Mej_FuncMejorada,-65
Mej_FuncBase,Mej_FuncMejorada,115,217,aislamiento_evaluador,0.01432,2093,Mej_FuncMejorada,Mej_FuncMejorada,-102
Mej_FuncBase,Mej_FuncMejorada,204,146,aislamiento_evaluador,0.01485,2094,Mej_FuncBase,Mej_FuncBase,58
Mej_FuncBase,Mej_FuncMejorada,196,153,aislamiento_evaluador,0.01454,2095,Mej_FuncMejorada,Mej_FuncBase,43
Mej_FuncBase,Mej_FuncMejorada,211,175,aislamiento_evaluador,0.01512,2096,Mej_FuncBase,Mej_FuncBase,36
Mej_FuncBase,Mej_FuncMejorada,144,122,aislamiento_evaluador,0.01459,2097,Mej_FuncMejorada,Mej_FuncBase,22
Mej_FuncBase,Mej_FuncMejorada,201,216,aislamiento_evaluador,0.01538,2098,Mej_FuncBase,Mej_FuncMejorada,-15
Mej_FuncBase,Mej_FuncMejorada,147,174,aislamiento_evaluador,0.01406,2099,Mej_FuncMejorada,Mej_FuncMejorada,-27
